{"accuracy": 0.95695067264574, "precision": 0.9547878787878787, "recall": 0.866420563303254, "f1_score": 0.9037382370715704}