{"accuracy": 0.9713004484304932, "precision": 0.9575075898127847, "recall": 0.9238544474393531, "f1_score": 0.9397272862413342}