{"accuracy": 0.8582959641255605, "precision": 0.9289568345323741, "recall": 0.5093167701863354, "f1_score": 0.4800545415909145}