{"accuracy": 0.8556053811659193, "precision": 0.42780269058295967, "recall": 0.5, "f1_score": 0.4610923151280812}