{"accuracy": 0.9721973094170404, "precision": 0.9633360510355875, "recall": 0.9217970754065914, "f1_score": 0.9411283798169044}