{"accuracy": 0.9560538116591928, "precision": 0.9541111942970606, "recall": 0.8633149732411423, "f1_score": 0.9014386866910207}